-- phpMyAdmin SQL Dump
-- version 5.2.1
-- https://www.phpmyadmin.net/
--
-- Host: 127.0.0.1
-- Generation Time: Nov 12, 2024 at 05:37 PM
-- Server version: 10.4.32-MariaDB
-- PHP Version: 8.2.12

SET SQL_MODE = "NO_AUTO_VALUE_ON_ZERO";
START TRANSACTION;
SET time_zone = "+00:00";


/*!40101 SET @OLD_CHARACTER_SET_CLIENT=@@CHARACTER_SET_CLIENT */;
/*!40101 SET @OLD_CHARACTER_SET_RESULTS=@@CHARACTER_SET_RESULTS */;
/*!40101 SET @OLD_COLLATION_CONNECTION=@@COLLATION_CONNECTION */;
/*!40101 SET NAMES utf8mb4 */;

--
-- Database: `rabaisrin_db`
--

-- --------------------------------------------------------

--
-- Table structure for table `consultation`
--

CREATE TABLE `consultation` (
  `hn_id` int(10) DEFAULT NULL,
  `app_id` int(10) UNSIGNED NOT NULL,
  `event_date` date NOT NULL,
  `event_time` time NOT NULL,
  `channel_id` int(1) NOT NULL,
  `origin_id` int(1) DEFAULT NULL,
  `forward_from` varchar(50) DEFAULT NULL,
  `consult_case` text DEFAULT NULL,
  `consult_des` varchar(50) DEFAULT NULL,
  `symptoms` text DEFAULT NULL,
  `advice` text DEFAULT NULL,
  `test_results` text DEFAULT NULL,
  `follow_id` int(1) DEFAULT NULL,
  `follow_des` text DEFAULT NULL,
  `forward_id` int(1) DEFAULT NULL,
  `forward_des` varchar(100) DEFAULT NULL
) ENGINE=InnoDB DEFAULT CHARSET=utf8 COLLATE=utf8_general_ci;

--
-- Dumping data for table `consultation`
--

INSERT INTO `consultation` (`hn_id`, `app_id`, `event_date`, `event_time`, `channel_id`, `origin_id`, `forward_from`, `consult_case`, `consult_des`, `symptoms`, `advice`, `test_results`, `follow_id`, `follow_des`, `forward_id`, `forward_des`) VALUES
(35, 31, '2024-11-15', '09:00:00', 1, 1, '', NULL, NULL, NULL, NULL, NULL, NULL, NULL, NULL, NULL),
(36, 32, '2024-11-15', '10:00:00', 1, 3, 'รพ.ศรีธัญญา', NULL, NULL, NULL, NULL, NULL, NULL, NULL, NULL, NULL),
(37, 33, '2024-11-15', '11:00:00', 2, 3, 'รพ.ศรีธัญญา', NULL, NULL, NULL, NULL, NULL, NULL, NULL, NULL, NULL),
(38, 34, '2024-11-15', '13:00:00', 1, 3, 'รพ.ศรีธัญญา', NULL, NULL, NULL, NULL, NULL, NULL, NULL, NULL, NULL),
(39, 35, '2024-11-15', '15:00:00', 1, 1, '', NULL, NULL, NULL, NULL, NULL, NULL, NULL, NULL, NULL),
(40, 36, '2024-11-15', '14:00:00', 1, 2, '', NULL, NULL, NULL, NULL, NULL, NULL, NULL, NULL, NULL),
(41, 37, '2024-11-16', '14:00:00', 1, 3, 'รพ.ศรีธัญญา', NULL, NULL, NULL, NULL, NULL, NULL, NULL, NULL, NULL),
(42, 38, '2024-11-16', '09:00:00', 3, 3, 'รพ.ศรีธัญญา', NULL, NULL, NULL, NULL, NULL, NULL, NULL, NULL, NULL),
(44, 40, '2024-11-26', '10:00:00', 1, 1, '', NULL, NULL, NULL, NULL, NULL, NULL, NULL, NULL, NULL),
(45, 41, '2024-11-21', '09:00:00', 1, 1, '', NULL, NULL, NULL, NULL, NULL, NULL, NULL, NULL, NULL),
(46, 43, '2024-11-15', '08:00:00', 1, 1, '', 'การเรียน', 'ไม่มี', 'dddddddddddd', 'ddddddddddd', 'ddddddddddddddd', 1, 'ddddddddddddddd', 1, 'ไม่มี'),
(47, 45, '2024-11-16', '08:00:00', 3, 3, 'รพ.ศรีธัญญา', NULL, NULL, NULL, NULL, NULL, NULL, NULL, NULL, NULL),
(48, 47, '2024-11-23', '10:00:00', 1, 1, '', NULL, NULL, NULL, NULL, NULL, NULL, NULL, NULL, NULL),
(49, 48, '2024-11-23', '09:00:00', 1, 1, '', NULL, NULL, NULL, NULL, NULL, NULL, NULL, NULL, NULL),
(50, 49, '2024-11-23', '11:00:00', 1, 1, '', NULL, NULL, NULL, NULL, NULL, NULL, NULL, NULL, NULL),
(51, 50, '2024-11-24', '11:00:00', 1, 3, 'รพ.ศรีธัญญา', NULL, NULL, NULL, NULL, NULL, NULL, NULL, NULL, NULL);

-- --------------------------------------------------------

--
-- Table structure for table `consultation_recipients`
--

CREATE TABLE `consultation_recipients` (
  `hn_id` int(11) NOT NULL,
  `std_id` int(10) NOT NULL,
  `created_at` timestamp NOT NULL DEFAULT current_timestamp()
) ENGINE=InnoDB DEFAULT CHARSET=utf8mb4 COLLATE=utf8mb4_general_ci;

--
-- Dumping data for table `consultation_recipients`
--

INSERT INTO `consultation_recipients` (`hn_id`, `std_id`, `created_at`) VALUES
(35, 640710166, '2024-11-08 17:40:15'),
(36, 640710711, '2024-11-09 11:33:35'),
(37, 640710778, '2024-11-09 11:35:16'),
(38, 640710712, '2024-11-09 11:38:49'),
(39, 640710775, '2024-11-09 11:40:24'),
(40, 640710165, '2024-11-09 11:41:27'),
(41, 640710752, '2024-11-09 11:45:15'),
(42, 640710739, '2024-11-09 11:47:00'),
(43, 640510356, '2024-11-09 11:48:06'),
(44, 640510754, '2024-11-09 12:01:54'),
(45, 640810236, '2024-11-09 12:06:30'),
(46, 640710095, '2024-11-09 14:35:06'),
(47, 640210189, '2024-11-09 16:13:59'),
(48, 640710096, '2024-11-10 14:40:19'),
(49, 7600123, '2024-11-10 15:27:14'),
(50, 640510124, '2024-11-10 15:28:35'),
(51, 640710771, '2024-11-12 16:34:45');

-- --------------------------------------------------------

--
-- Table structure for table `faculties`
--

CREATE TABLE `faculties` (
  `faculty_id` char(2) NOT NULL,
  `faculty_name` varchar(100) NOT NULL
) ENGINE=InnoDB DEFAULT CHARSET=utf8 COLLATE=utf8_general_ci;

--
-- Dumping data for table `faculties`
--

INSERT INTO `faculties` (`faculty_id`, `faculty_name`) VALUES
('01', 'จิตรกรรม ประติมากรรมและภาพพิมพ์'),
('02', 'สถาปัตยกรรมศาสตร์'),
('03', 'โบราณคดี'),
('04', 'มัณฑนศิลป์'),
('05', 'อักษรศาสตร์'),
('06', 'ศึกษาศาสตร์'),
('07', 'วิทยาศาสตร์'),
('08', 'เภสัชศาสตร์'),
('09', 'วิศวกรรมศาสตร์และเทคโนโลยีอุตสาหกรรม'),
('10', 'ดุริยางคศาสตร์'),
('11', 'สัตวศาสตร์'),
('12', 'วิทยาการจัดการ'),
('13', 'เทคโนโลยีสารสนเทศและการสื่อสาร');

-- --------------------------------------------------------

--
-- Table structure for table `major`
--

CREATE TABLE `major` (
  `major_id` int(11) NOT NULL,
  `major_name` varchar(100) NOT NULL,
  `faculty_id` char(2) DEFAULT NULL
) ENGINE=InnoDB DEFAULT CHARSET=utf8 COLLATE=utf8_general_ci;

--
-- Dumping data for table `major`
--

INSERT INTO `major` (`major_id`, `major_name`, `faculty_id`) VALUES
(0, 'สาขาวิชาสถาปัตยกรรมไทย', '02'),
(1, 'สาขาวิชาทัศนศิลป์', '01'),
(2, 'สาขาวิชาทฤษฎีศิลป์', '01'),
(3, 'สาขาวิชาทัศนศิลปศึกษา', '01'),
(4, 'สาขาวิชาสถาปัตยกรรม', '02'),
(6, 'สาขาวิชาการออกแบบชุมชนเมือง', '02'),
(7, 'สาขาวิชาสถาปัตยกรรมพื้นถิ่น', '02'),
(8, 'สาขาวิชาประวัติศาสตร์สถาปัตยกรรม', '02'),
(9, 'สาขาวิชาการจัดการมรดกทางสถาปัตยกรรมและการท่องเที่ยว', '02'),
(10, 'สาขาวิชาการจัดการโครงการก่อสร้าง', '02'),
(11, 'สาขาวิชาคอมพิวเตอร์เพื่อการออกแบบทางสถาปัตยกรรม', '02'),
(12, 'สาขาวิชาโบราณคดี', '03'),
(13, 'สาขาวิชาประวัติศาสตร์ศิลปะ', '03'),
(14, 'สาขาวิชามานุษยวิทยา', '03'),
(15, 'สาขาวิชาภาษาไทย', '03'),
(16, 'สาขาวิชาภาษาอังกฤษ', '03'),
(17, 'สาขาวิชาภาษาฝรั่งเศส', '03'),
(18, 'สาขาประวัติศาสตร์ท้องถิ่น', '03'),
(19, 'สาขาวิชาจารึกศึกษา', '03'),
(20, 'สาขาวิชาภาษาสันสกฤต', '03'),
(21, 'สาขาวิชาการจัดการทรัพยากรวัฒนธรรม', '03'),
(22, 'สาขาวิชาการออกแบบภายใน', '04'),
(23, 'สาขาวิชาการออกแบบนิเทศศิลป์', '04'),
(24, 'สาขาวิชาการออกแบบผลิตภัณฑ์', '04'),
(25, 'สาขาวิชาประยุกตศิลปศึกษา', '04'),
(26, 'สาขาวิชาเครื่องเคลือบดินเผา', '04'),
(27, 'สาขาวิชาการออกแบบเครื่องประดับ', '04'),
(28, 'สาขาวิชาการออกแบบเครื่องแต่งกาย', '04'),
(29, 'สาขาวิชาศิลปะการออกแบบ', '04'),
(38, 'สาขาวิชาศิลปะการออกแบบ (หลักสูตรนานาชาติ)', '04'),
(39, 'สาขาวิชาศิลปะการออกแบบเชิงวัฒนธรรม', '04'),
(40, 'สาขาวิชาการออกแบบ', '04'),
(41, 'สาขาวิชาการแสดงศึกษา', '05'),
(42, 'สาขาวิชาประวัติศาสตร์', '05'),
(43, 'สาขาวิชาปรัชญา', '05'),
(44, 'สาขาวิชาภาษาไทย', '05'),
(45, 'สาขาวิชาภาษาเอเชียตะวันออก', '05'),
(46, 'สาขาวิชาภาษาฝรั่งเศส', '05'),
(47, 'สาขาวิชาภาษาเยอรมัน', '05'),
(48, 'สาขาวิชาภาษาอังกฤษ', '05'),
(49, 'สาขาวิชาภูมิศาสตร์', '05'),
(50, 'สาขาวิชาสังคมศาสตร์การพัฒนา', '05'),
(51, 'สาขาวิชาสารสนเทศศาสตร์และบรรณารักษศาสตร์', '05'),
(52, 'สาขาวิชาสังคีตศิลป์ไทย', '05'),
(53, 'สาขาวิชาเอเชียศึกษา', '05'),
(54, 'สาขาวิชาภาษาไทยเพื่อการพัฒนาอาชีพ', '05'),
(55, 'สาขาวิชาการศึกษาปฐมวัย', '06'),
(56, 'สาขาวิชาการประถมศึกษา', '06'),
(57, 'สาขาวิชาภาษาไทย', '06'),
(58, 'สาขาวิชาภาษาอังกฤษ', '06'),
(59, 'สาขาวิชาภาษาจีน', '06'),
(60, 'สาขาวิชาสังคมศึกษา', '06'),
(61, 'สาขาวิชาศิลปศึกษา', '06'),
(62, 'สาขาวิชาคณิตศาสตร์', '06'),
(63, 'สาขาวิชาฟิสิกส์', '06'),
(64, 'สาขาวิชาเทคโนโลยีการศึกษา', '06'),
(65, 'สาขาวิชาการศึกษาตลอดชีวิต', '06'),
(66, 'จิตวิทยา', '06'),
(67, 'สาขาวิชาวิทยาศาสตร์การกีฬา', '06'),
(68, 'สาขาวิชาการบริหารการศึกษา', '06'),
(69, 'สาขาวิชาหลักสูตรและการสอน', '06'),
(70, 'สาขาวิชาการสอนภาษาไทย', '06'),
(71, 'สาขาวิชาการสอนภาษาอังกฤษ', '06'),
(72, 'สาขาวิชาการสอนสังคมศึกษา', '06'),
(73, 'สาขาวิชาพัฒนศึกษา', '06'),
(74, 'สาขาวิชาวิธีวิจัยทางการศึกษา', '06'),
(75, 'สาขาวิชาหลักสูตรและการสอน', '06'),
(76, 'สาขาวิชาการจัดการนันทนาการ การท่องเที่ยวและกีฬา', '06'),
(77, 'สาขาวิชาคณิตศาสตร์', '07'),
(78, 'สาขาวิชาชีววิทยา', '07'),
(79, 'สาขาวิชาเคมี', '07'),
(80, 'สาขาวิชาฟิสิกส์', '07'),
(81, 'สาขาวิชาสถิติ', '07'),
(82, 'สาขาวิชาวิทยาศาสตร์สิ่งแวดล้อม', '07'),
(83, 'สาขาวิชาวิทยาการคอมพิวเตอร์', '07'),
(84, 'สาขาวิชาจุลชีววิทยา', '07'),
(85, 'สาขาวิชาคณิตศาสตร์ประยุกต์', '07'),
(86, 'สาขาวิชาเทคโนโลยีสารสนเทศ', '07'),
(87, 'สาขาวิชาวิทยาการข้อมูล', '07'),
(88, 'สาขาวิชาเคมีศึกษา', '07'),
(89, 'สาขาวิชาสถิติประยุกต์', '07'),
(90, 'สาขาวิชาคณิตศาสตร์ศึกษา', '07'),
(91, 'สาขาวิชาเทคโนโลยีสารสนเทศและนวัตกรรมดิจิทัล', '07'),
(92, 'สาขาวิชานิติวิทยาศาสตร์', '07'),
(93, 'สาขาวิชาคณิตศาสตร์ (หลักสูตรนานาชาติ)', '07'),
(94, 'สาขานิติวิทยาศาสตร์และงานยุติธรรม', '07'),
(95, 'สาขาวิชาเภสัชศาสตร์', '08'),
(96, 'สาขาวิชาเภสัชกรรมคลินิก\r\n', '08'),
(97, 'สาขาวิชาการคุ้มครองผู้บริโภคด้านสาธารณสุข', '08'),
(98, 'สาขาวิชาเภสัชศาสตร์สังคมและการบริหาร', '08'),
(99, 'สาขาวิชาสารสนเทศศาสตร์ทางสุขภาพ', '08'),
(100, 'สาขาวิชาวิทยาการทางเภสัชศาสตร์ (หลักสูตรนานาชาติ)', '08'),
(101, 'สาขาวิชาเทคโนโลยีเภสัชกรรม (หลักสูตรนานาชาติ)', '08'),
(102, 'สาขาวิชาวิศวเภสัชกรรม (หลักสูตรนานาชาติ)', '08'),
(103, 'สาขาเภสัชกรรมคลินิก', '08'),
(175, 'สาขาวิชาปิโตรเคมีและวัสดุพอลิเมอร์', '09'),
(176, 'สาขาวิชาวิศวกรรมอุตสาหการ', '09'),
(177, 'สาขาวิชาวิศวกรรมเครื่องกล', '09'),
(178, 'สาขาวิชาวิศวกรรมเคมี', '09'),
(179, 'สาขาวิชาวิศวกรรมอิเล็กทรอนิกส์และระบบคอมพิวเตอร์', '09'),
(180, 'สาขาวิชาวิศวกรรมการจัดการและโลจิสติกส์', '09'),
(181, 'สาขาวิชาวิศวกรรมวัสดุและนาโนเทคโนโลยี', '09'),
(182, 'สาขาวิชาวิศวกรรมกระบวนการชีวภาพ', '09'),
(183, 'สาขาวิชาเทคโนโลยีอาหาร', '09'),
(184, 'สาขาวิชาเทคโนโลยีชีวภาพ', '09'),
(185, 'สาขาวิชาธุรกิจวิศวกรรม', '09'),
(186, 'สาขาวิชาวิทยาการและวิศวกรรมพอลิเมอร์', '09'),
(187, 'สาขาวิชาการจัดการงานวิศวกรรม', '09'),
(188, 'สาขาวิชาวิศวกรรมพลังงาน', '09'),
(189, 'สาขาวิชาวิศวกรรมไฟฟ้าและคอมพิวเตอร์', '09'),
(190, 'สาขาวิชาธุรกิจวิศวกรรม', '09'),
(191, 'สาขาวิชาวิทยาการและวิศวกรรมพอลิเมอร์ (หลักสูตรนานาชาติ)', '09'),
(192, 'สาขาวิชาการแสดงดนตรี', '10'),
(193, 'สาขาวิชาดนตรีแจ๊ส', '10'),
(194, 'สาขาวิชาดนตรีเชิงพาณิชย์', '10'),
(195, 'หลักสูตรสัตวศาสตร์และเทคโนโลยีการเกษตร', '11'),
(196, 'หลักสูตรเทคโนโลยีการผลิตสัตว์น้ำ', '11'),
(197, 'หลักสูตรเทคโนโลยีการผลิตพืช', '11'),
(198, 'หลักสูตรธุรกิจเกษตร', '11'),
(199, 'หลักสูตรภาวะผู้นำและการสื่อสารทางการเกษตร', '11'),
(200, 'หลักสูตรสัตวศาสตร์', '11'),
(201, 'หลักสูตรชีววิทยาศาสตร์เพื่อเกษตรกรรมที่ยั่งยืน (หลักสูตรนานาชาติ)', '11'),
(202, 'สาขาวิชาการจัดการการท่องเที่ยว', '12'),
(203, 'สาขาวิชาการจัดการชุมชน', '12'),
(204, 'สาขาวิชาการจัดการนวัตกรรมทางธุรกิจ', '12'),
(205, 'สาขาวิชาการตลาด', '12'),
(206, 'สาขาวิชาการจัดการโรงแรม', '12'),
(207, 'สาขาวิชาการจัดการธุรกิจและภาษา', '12'),
(208, 'สาขาวิชาการจัดการงานนิทรรศการและงานอีเว้นท์)\r\n', '12'),
(209, 'สาขาวิชาการจัดการโลจิสติกส์ระหว่างประเทศ', '12'),
(210, 'สาขาวิชารัฐประศาสนศาสตร์', '12'),
(211, 'สาขาวิชาบัญชี', '12'),
(212, 'สาขาวิชาการจัดการภาครัฐและภาคเอกชน', '12'),
(213, 'สาขาวิชาการจัดการท่องเที่ยว โรงแรม และอีเวนต์)', '12'),
(214, 'สาขาวิชาบริหารธุรกิจ', '12'),
(215, 'สาขาวิชาการจัดการ', '12'),
(216, 'สาขาบริหารธุรกิจ', '12'),
(217, 'สาขาวิชานิเทศศาสตร์', '13'),
(218, 'สาขาวิชาเทคโนโลยีดิจิทัลเพื่อธุรกิจ', '13'),
(219, 'สาขาวิชาเทคโนโลยีสารสนเทศเพื่อการออกแบบ', '13');

-- --------------------------------------------------------

--
-- Table structure for table `student`
--

CREATE TABLE `student` (
  `std_id` int(10) NOT NULL,
  `first_name` varchar(50) NOT NULL,
  `last_name` varchar(50) NOT NULL,
  `nickname` varchar(10) NOT NULL,
  `major` varchar(100) NOT NULL,
  `faculty_id` char(2) NOT NULL,
  `year` int(4) NOT NULL,
  `gender` int(1) NOT NULL,
  `phone` varchar(12) DEFAULT NULL
) ENGINE=InnoDB DEFAULT CHARSET=utf8 COLLATE=utf8_general_ci;

--
-- Dumping data for table `student`
--

INSERT INTO `student` (`std_id`, `first_name`, `last_name`, `nickname`, `major`, `faculty_id`, `year`, `gender`, `phone`) VALUES
(7600123, 'สมมติ', 'มั้ง', 'ไข่', 'สาขาวิชาคณิตศาสตร์', '07', 2560, 1, '0828616739'),
(640210189, 'นิธิวัฒน์', 'สุขสาคร', 'พี', 'สาขาวิชาสถาปัตยกรรมไทย', '02', 2564, 2, '1656489456'),
(640510124, 'จุก', 'จุกๆ', 'จุกๆๆ', 'สาขาวิชาการแสดงศึกษา', '05', 2564, 1, '0258448874'),
(640510754, 'เอ', 'บี', 'ซี', 'สาขาวิชาการแสดงศึกษา', '05', 2564, 2, '0945678945'),
(640710095, 'วันวิสาข์', 'สังวรกิจโสภณ', 'จูน', 'สาขาวิชาเทคโนโลยีสารสนเทศ', '07', 2564, 1, '0258448874'),
(640710096, 'd', 'ก', 'ไข่l', 'สาขาวิชาคณิตศาสตร์', '07', 2564, 1, '0258448874'),
(640710165, 'ชานน', 'หงษ์ทอง', 'โฟค', '', '07', 2564, 2, '1656489456'),
(640710166, 'ฐิติวรดา', 'เรืองนก', 'ไข่มุก', 'สาขาวิชาเทคโนโลยีสารสนเทศ', '07', 2564, 1, '4568458978'),
(640710711, 'ณัฐพล', 'แก้วระวัง', 'โฟก', 'สาขาวิชาเทคโนโลยีสารสนเทศ', '07', 2564, 2, '45689798788'),
(640710712, 'ณัฐวัฒน์', 'บุตรราช', 'แฟรงค์', 'สาขาวิชาเทคโนโลยีสารสนเทศ', '07', 2564, 2, '0258448874'),
(640710739, 'พัสกร', 'มงคลพร', 'เอย', 'สาขาวิชาเทคโนโลยีสารสนเทศ', '07', 2564, 2, '0864597586'),
(640710752, 'รุจดนัย ', 'แสงทองดี', 'หรั่ง', '', '07', 2564, 2, '0325647895'),
(640710771, 'สมชาย', 'กินกล้วย', 'โฟก', 'สาขาวิชาสถิติ', '07', 2564, 2, '0874596587'),
(640710775, 'อรอมล', 'ศรลัมภ์', 'มะเหมี่ยว', 'สาขาวิชาเทคโนโลยีสารสนเทศ', '07', 2564, 1, '0258448874'),
(640710778, 'อิลยัส', 'ประเสริฐดำ', 'ยาส', 'สาขาวิชาเทคโนโลยีสารสนเทศ', '07', 2564, 2, '0258448874'),
(640810236, 'วันวิสาข์', 'เรืองนก', 'ก', 'สาขาวิชาเภสัชศาสตร์', '08', 2564, 1, '1656489456');

--
-- Indexes for dumped tables
--

--
-- Indexes for table `consultation`
--
ALTER TABLE `consultation`
  ADD PRIMARY KEY (`app_id`);

--
-- Indexes for table `consultation_recipients`
--
ALTER TABLE `consultation_recipients`
  ADD PRIMARY KEY (`hn_id`);

--
-- Indexes for table `faculties`
--
ALTER TABLE `faculties`
  ADD PRIMARY KEY (`faculty_id`);

--
-- Indexes for table `major`
--
ALTER TABLE `major`
  ADD PRIMARY KEY (`major_id`),
  ADD KEY `faculty_id` (`faculty_id`);

--
-- Indexes for table `student`
--
ALTER TABLE `student`
  ADD PRIMARY KEY (`std_id`),
  ADD KEY `foreign key faculty_id` (`faculty_id`);

--
-- AUTO_INCREMENT for dumped tables
--

--
-- AUTO_INCREMENT for table `consultation`
--
ALTER TABLE `consultation`
  MODIFY `app_id` int(10) UNSIGNED NOT NULL AUTO_INCREMENT, AUTO_INCREMENT=51;

--
-- AUTO_INCREMENT for table `consultation_recipients`
--
ALTER TABLE `consultation_recipients`
  MODIFY `hn_id` int(11) NOT NULL AUTO_INCREMENT, AUTO_INCREMENT=52;

--
-- AUTO_INCREMENT for table `major`
--
ALTER TABLE `major`
  MODIFY `major_id` int(11) NOT NULL AUTO_INCREMENT, AUTO_INCREMENT=220;

--
-- Constraints for dumped tables
--

--
-- Constraints for table `major`
--
ALTER TABLE `major`
  ADD CONSTRAINT `major_ibfk_1` FOREIGN KEY (`faculty_id`) REFERENCES `faculties` (`faculty_id`);

--
-- Constraints for table `student`
--
ALTER TABLE `student`
  ADD CONSTRAINT `foreign key faculty_id` FOREIGN KEY (`faculty_id`) REFERENCES `faculties` (`faculty_id`) ON DELETE CASCADE ON UPDATE CASCADE;
COMMIT;

/*!40101 SET CHARACTER_SET_CLIENT=@OLD_CHARACTER_SET_CLIENT */;
/*!40101 SET CHARACTER_SET_RESULTS=@OLD_CHARACTER_SET_RESULTS */;
/*!40101 SET COLLATION_CONNECTION=@OLD_COLLATION_CONNECTION */;
